customer_id,name,gender,age,register_date
1,田中太郎,male,32,2022/1/10
2,佐藤花子,female,28,2022/2/15
3,鈴木一郎,male,45,2022/3/5
4,高橋彩,female,36,2022/4/12
5,伊藤健,male,29,2022/5/20
6,山本奈々,female,24,2022/6/18
7,中村翔,male,38,2022/7/22
8,小林美咲,female,31,2022/8/30
9,加藤悠,male,41,2022/9/14
10,吉田愛,female,27,2022/10/5
11,斎藤亮,male,34,2022/1/18
12,松本葵,female,26,2022/2/22
13,木村航,male,37,2022/3/29
14,井上香,female,33,2022/4/8
15,清水健二,male,42,2022/5/12
16,小川舞,female,30,2022/6/24
17,長谷川颯,male,28,2022/7/15
18,石井真理,female,35,2022/8/6
19,前田拓也,male,40,2022/9/1
20,藤井彩花,female,29,2022/10/18
21,岡田翔太,male,36,2022/1/25
22,上田美咲,female,27,2022/2/11
23,坂本亮,male,33,2022/3/14
24,森田奈々,female,31,2022/4/19
25,遠藤翔,male,38,2022/5/26
26,村上紗季,female,25,2022/6/30
27,小野達也,male,41,2022/7/12
28,竹内理沙,female,32,2022/8/17
29,西村健,male,39,2022/9/21
30,福島真由,female,28,2022/10/3
31,高田悠,male,35,2022/1/5
32,平野彩,female,26,2022/2/8
33,大西健二,male,43,2022/3/20
34,菊地美咲,female,30,2022/4/25
35,小島航,male,37,2022/5/29
36,宮崎紗季,female,33,2022/6/11
37,中田拓也,male,40,2022/7/23
38,村田舞,female,29,2022/8/4
39,川口翔太,male,36,2022/9/12
40,石田愛,female,27,2022/10/28
41,岡本健,male,38,2022/1/15
42,松田真由,female,31,2022/2/19
43,藤原亮,male,34,2022/3/22
44,永井紗季,female,25,2022/4/30
45,原田航,male,41,2022/5/14
46,青木理沙,female,32,2022/6/20
47,杉山翔,male,39,2022/7/5
48,横山美咲,female,28,2022/8/12
49,石原健二,male,37,2022/9/19
50,田村彩花,female,29,2022/10/7
51,西田悠,male,36,2022/1/28
52,古川奈々,female,26,2022/2/16
53,岡崎航,male,40,2022/3/10
54,金子真由,female,31,2022/4/13
55,近藤健,male,35,2022/5/18
56,橋本紗季,female,30,2022/6/25
57,加藤翔太,male,38,2022/7/29
58,村松美咲,female,27,2022/8/22
59,山下健二,male,41,2022/9/5
60,堀内舞,female,33,2022/10/12
61,菅原航,male,36,2022/1/9
62,小泉紗季,female,25,2022/2/26
63,長谷川健二,male,39,2022/3/17
64,森川真由,female,28,2022/4/21
65,田辺亮,male,37,2022/5/30
66,松井美咲,female,32,2022/6/14
67,和田翔太,male,40,2022/7/9
68,中川彩花,female,29,2022/8/27
69,大塚健,male,35,2022/9/3
70,藤井奈々,female,31,2022/10/16
71,杉本翔,male,38,2022/1/21
72,原紗季,female,26,2022/2/24
73,木下健二,male,41,2022/3/12
74,中島舞,female,30,2022/4/27
75,小山航,male,36,2022/5/7
76,村田真由,female,33,2022/6/19
77,田口健,male,39,2022/7/21
78,野村彩,female,28,2022/8/10
79,岡田翔,male,37,2022/9/15
80,池田美咲,female,29,2022/10/22
81,高橋健二,male,34,2022/1/13
82,藤原舞,female,32,2022/2/28
83,松本航,male,36,2022/3/19
84,菊池紗季,female,27,2022/4/23
85,石井亮,male,40,2022/5/5
86,近藤舞,female,31,2022/6/16
87,岡本健二,male,35,2022/7/26
88,永井彩花,female,30,2022/8/18
89,原翔,male,38,2022/9/28
90,青木真由,female,29,2022/10/9
91,田中航,male,36,2022/1/4
92,佐藤紗季,female,25,2022/2/7
93,鈴木健二,male,41,2022/3/11
94,高橋舞,female,32,2022/4/2
95,伊藤翔,male,37,2022/5/24
96,山本真由,female,30,2022/6/8
97,中村健,male,39,2022/7/31
98,小林彩,female,28,2022/8/15
99,加藤健二,male,35,2022/9/27
100,福田真由,female,33,2023/6/12
